Jitter_rel,Jitter_abs,Jitter_RAP,Jitter_PPQ,Shim_loc,Shim_dB,Shim_APQ3,Shim_APQ5,Shi_APQ11,HNR05,HNR15,HNR25,HNR35,HNR38,RPDE,DFA,PPE,GNE,MFCC0,MFCC1,MFCC2,MFCC3,MFCC4,MFCC5,MFCC6,MFCC7,MFCC8,MFCC9,MFCC10,MFCC11,MFCC12,Delta0,Delta1,Delta2,Delta3,Delta4,Delta5,Delta6,Delta7,Delta8,Delta9,Delta10,Delta11,Delta12
0.643,0.000060469,0.0034625,0.003797,0.046695,0.40842,0.025775,0.029572,0.034436,72.39468445,75.05603355,84.08286642,92.61118573,95.77515785,0.366010151,0.60343969,0.378626707,0.973188976,1.691146177,1.718510715,1.757627905,1.635384596,1.724539347,1.242583591,1.507070474,1.311257061,1.38737766,1.418077111,1.486954368,1.543591881,1.602493851,1.680848482,1.730949408,1.664112407,1.707092208,1.591572355,1.545776307,1.553324297,1.549244374,1.49749645,1.538804039,1.536038118,1.534848263,1.552188442
